<?xml version="1.0" encoding="UTF-8"?>
<beans xmlns="http://www.springframework.org/schema/beans"
    xmlns:xsi="http://www.w3.org/2001/XMLSchema-instance" xmlns:p="http://www.springframework.org/schema/p"
    xmlns:context="http://www.springframework.org/schema/context"
    xmlns:aop="http://www.springframework.org/schema/aop" xmlns:tx="http://www.springframework.org/schema/tx"
    xsi:schemaLocation="http://www.springframework.org/schema/beans
    http://www.springframework.org/schema/beans/spring-beans-3.2.xsd
    http://www.springframework.org/schema/context 
	http://www.springframework.org/schema/context/spring-context-3.2.xsd
    http://www.springframework.org/schema/aop
    http://www.springframework.org/schema/aop/spring-aop-3.2.xsd
    http://www.springframework.org/schema/tx
    http://www.springframework.org/schema/tx/spring-tx-3.2.xsd" > 
     <!-- 引入datebase的属性文件 -->
    <bean class="org.springframework.beans.factory.config.PropertyPlaceholderConfigurer">
    	<property name="location">
    		<value>classpath:database.properties</value>
    	</property>
    </bean>
    
    <!-- 配置数据源 -->
    <bean id="dataSource" class="org.apache.commons.dbcp.BasicDataSource" destroy-method="close">
    	<property name="driverClassName" value="${driver}" />
    	<property name="url" value="${url}" />
    	<property name="username" value="${user}" />
    	<property name="password" value="${password}" />
    	<property name="initialSize" value="${initialSize}"/>
		<property name="maxActive" value="${maxActive}"/>
		<property name="maxIdle" value="${maxIdle}"/>
		<property name="minIdle" value="${minIdle}"/>
		<property name="maxWait" value="${maxWait}"/>
		<property name="removeAbandonedTimeout" value="${removeAbandonedTimeout}"/>
		<property name="removeAbandoned" value="${removeAbandoned}"/>
		<!-- sql 心跳 -->
		<property name= "testWhileIdle" value="true"/>
		<property name= "testOnBorrow" value="false"/>
		<property name= "testOnReturn" value="false"/>
		<property name= "validationQuery" value="select 1"/>
		<property name= "timeBetweenEvictionRunsMillis" value="60000"/>
		<property name= "numTestsPerEvictionRun" value="${maxActive}"/>
    </bean>
    
     <!-- 配置SqlSessionFactoryBean    sqlSession的工厂类 -->
    <bean id="sqlSessionFactory" class="org.mybatis.spring.SqlSessionFactoryBean">
    	<!-- 引用数据源 -->
    	<property name="dataSource" ref="dataSource"></property>
    	<!-- 引用mybatis的配置文件 -->
    	<property name="configLocation" value="classpath:mybatis-config.xml"></property>
    </bean>
    
 
    
     <!-- MapperScannerConfigurer会自动按照类名给每个mapper指定一个id -->
     <bean class="org.mybatis.spring.mapper.MapperScannerConfigurer">
     	<!-- 扫描指定的包 -->
     	<property name="basePackage" value="com.dao" ></property>
     </bean> 
   <context:component-scan base-package="com.service"></context:component-scan>
   <context:component-scan base-package="com.dao"></context:component-scan>
   
</beans>