<?xml version="1.0" encoding="UTF-8"?>

<beans xmlns="http://www.springframework.org/schema/beans"
	xmlns:xsi="http://www.w3.org/2001/XMLSchema-instance" xmlns:p="http://www.springframework.org/schema/p"
	xmlns:context="http://www.springframework.org/schema/context"
	xmlns:aop="http://www.springframework.org/schema/aop" xmlns:tx="http://www.springframework.org/schema/tx"
	xmlns:mvc="http://www.springframework.org/schema/mvc"
	xsi:schemaLocation="http://www.springframework.org/schema/beans
					    http://www.springframework.org/schema/beans/spring-beans-3.2.xsd
					    http://www.springframework.org/schema/context 
						http://www.springframework.org/schema/context/spring-context-3.2.xsd
					    http://www.springframework.org/schema/aop
					    http://www.springframework.org/schema/aop/spring-aop-3.2.xsd
					    http://www.springframework.org/schema/tx
					    http://www.springframework.org/schema/tx/spring-tx-3.2.xsd
					    http://www.springframework.org/schema/mvc
					    http://www.springframework.org/schema/mvc/spring-mvc-3.2.xsd">
	
	<!-- <bean name="/index.html" class="cn.controller.IndexController"/> -->
	<!-- 完成视图的对应 -->
	<context:component-scan base-package="com.controller"/>
    <mvc:annotation-driven/>
	<!-- 视图解析器 -->
	<bean class="org.springframework.web.servlet.view.InternalResourceViewResolver">
		<property name="prefix" value="/WEB-INF/jsp/"/>
		<property name="suffix" value=".jsp"/>
	</bean>
	<!-- 如果要想加载css这些静态文件，就要如下配置 -->
  	<mvc:resources location="/statics/" mapping="/statics/**"></mvc:resources>
  	<!-- 配置 MultipartResolver 用于文件上传 -->
  	<bean id="multipartResolver"
   			 class="org.springframework.web.multipart.commons.CommonsMultipartResolver">
    	<property name="maxUploadSize" value="5000000"/>
    	<property name="defaultEncoding" value="UTF-8"/>		 
    </bean>
  	 
</beans>